name,page_title,alliance,zone
Bewan,Online:Bewan,Aldmeri Dominion,Auridon
Del's Claim,Online:Del's Claim,Aldmeri Dominion,Auridon
Entila's Folly,Online:Entila's Folly,Aldmeri Dominion,Auridon
Mehrunes' Spite,Online:Mehrunes' Spite,Aldmeri Dominion,Auridon
Ondil,Online:Ondil,Aldmeri Dominion,Auridon
Wansalen,Online:Wansalen,Aldmeri Dominion,Auridon
Burroot Kwama Mine,Online:Burroot Kwama Mine,Aldmeri Dominion,Grahtwood
Mobar Mine,Online:Mobar Mine,Aldmeri Dominion,Grahtwood
Ne Salas,Online:Ne Salas,Aldmeri Dominion,Grahtwood
The Scuttle Pit,Online:The Scuttle Pit,Aldmeri Dominion,Grahtwood
Vinedeath Cave,Online:Vinedeath Cave,Aldmeri Dominion,Grahtwood
Wormroot Depths,Online:Wormroot Depths,Aldmeri Dominion,Grahtwood
Barrow Trench,Online:Barrow Trench,Aldmeri Dominion,Greenshade
Carac Dena,Online:Carac Dena,Aldmeri Dominion,Greenshade
Gurzag's Mine,Online:Gurzag's Mine,Aldmeri Dominion,Greenshade
Harridan's Lair,Online:Harridan's Lair,Aldmeri Dominion,Greenshade
Naril Nagaia,Online:Naril Nagaia,Aldmeri Dominion,Greenshade
The Underroot,Online:The Underroot,Aldmeri Dominion,Greenshade
Black Vine Ruins,Online:Black Vine Ruins,Aldmeri Dominion,Malabal Tor
Dead Man's Drop,Online:Dead Man's Drop,Aldmeri Dominion,Malabal Tor
Hoarvor Pit,Online:Hoarvor Pit,Aldmeri Dominion,Malabal Tor
Roots of Silvenar,Online:Roots of Silvenar,Aldmeri Dominion,Malabal Tor
Shael Ruins,Online:Shael Ruins,Aldmeri Dominion,Malabal Tor
Tomb of the Apostates,Online:Tomb of the Apostates,Aldmeri Dominion,Malabal Tor
Claw's Strike,Online:Claw's Strike,Aldmeri Dominion,Reaper's March
Fardir's Folly,Online:Fardir's Folly,Aldmeri Dominion,Reaper's March
Jode's Light,Online:Jode's Light,Aldmeri Dominion,Reaper's March
Kuna's Delve,Online:Kuna's Delve,Aldmeri Dominion,Reaper's March
Thibaut's Cairn,Online:Thibaut's Cairn,Aldmeri Dominion,Reaper's March
Weeping Wind Cave,Online:Weeping Wind Cave,Aldmeri Dominion,Reaper's March
Aldunz,Online:Aldunz,Daggerfall Covenant,Alik'r Desert
Coldrock Diggings,Online:Coldrock Diggings,Daggerfall Covenant,Alik'r Desert
Divad's Chagrin Mine,Online:Divad's Chagrin Mine,Daggerfall Covenant,Alik'r Desert
Sandblown Mine,Online:Sandblown Mine,Daggerfall Covenant,Alik'r Desert
Santaki,Online:Santaki,Daggerfall Covenant,Alik'r Desert
Yldzuun,Online:Yldzuun,Daggerfall Covenant,Alik'r Desert
Crypt of the Exiles,Online:Crypt of the Exiles,Daggerfall Covenant,Bangkorai
Klathzgar,Online:Klathzgar,Daggerfall Covenant,Bangkorai
Rubble Butte,Online:Rubble Butte,Daggerfall Covenant,Bangkorai
Torog's Spite,Online:Torog's Spite,Daggerfall Covenant,Bangkorai
Troll's Toothpick,Online:Troll's Toothpick,Daggerfall Covenant,Bangkorai
Viridian Watch,Online:Viridian Watch,Daggerfall Covenant,Bangkorai
Cryptwatch Fort,Online:Cryptwatch Fort,Daggerfall Covenant,Glenumbra
Ebon Crypt,Online:Ebon Crypt,Daggerfall Covenant,Glenumbra
Enduum,Online:Enduum,Daggerfall Covenant,Glenumbra
Ilessan Tower,Online:Ilessan Tower,Daggerfall Covenant,Glenumbra
Mines of Khuras,Online:Mines of Khuras,Daggerfall Covenant,Glenumbra
Silumm,Online:Silumm,Daggerfall Covenant,Glenumbra
Crestshade Mine,Online:Crestshade Mine,Daggerfall Covenant,Rivenspire
Erokii Ruins,Online:Erokii Ruins,Daggerfall Covenant,Rivenspire
Flyleaf Catacombs,Online:Flyleaf Catacombs,Daggerfall Covenant,Rivenspire
Hildune's Secret Refuge,Online:Hildune's Secret Refuge,Daggerfall Covenant,Rivenspire
Orc's Finger Ruins,Online:Orc's Finger Ruins,Daggerfall Covenant,Rivenspire
Tribulation Crypt,Online:Tribulation Crypt,Daggerfall Covenant,Rivenspire
Bearclaw Mine,Online:Bearclaw Mine,Daggerfall Covenant,Stormhaven
Farangel's Delve,Online:Farangel's Delve,Daggerfall Covenant,Stormhaven
Koeglin Mine,Online:Koeglin Mine,Daggerfall Covenant,Stormhaven
Norvulk Ruins,Online:Norvulk Ruins,Daggerfall Covenant,Stormhaven
Pariah Catacombs,Online:Pariah Catacombs,Daggerfall Covenant,Stormhaven
Portdun Watch,Online:Portdun Watch,Daggerfall Covenant,Stormhaven
The Corpse Garden,Online:The Corpse Garden,Ebonheart Pact,Deshaan
Knife Ear Grotto,Online:Knife Ear Grotto,Ebonheart Pact,Deshaan
Lady Llarel's Shelter,Online:Lady Llarel's Shelter,Ebonheart Pact,Deshaan
Lower Bthanual,Online:Lower Bthanual,Ebonheart Pact,Deshaan
Taleon's Crag,Online:Taleon's Crag,Ebonheart Pact,Deshaan
Triple Circle Mine,Online:Triple Circle Mine,Ebonheart Pact,Deshaan
The Bastard's Tomb,Online:The Bastard's Tomb,Ebonheart Pact,Eastmarch
The Chill Hollow,Online:The Chill Hollow,Ebonheart Pact,Eastmarch
The Frigid Grotto,Online:The Frigid Grotto,Ebonheart Pact,Eastmarch
Icehammer's Vault,Online:Icehammer's Vault,Ebonheart Pact,Eastmarch
Old Sord's Cave,Online:Old Sord's Cave,Ebonheart Pact,Eastmarch
Stormcrag Crypt,Online:Stormcrag Crypt,Ebonheart Pact,Eastmarch
Avanchnzel,Online:Avanchnzel,Ebonheart Pact,The Rift
Broken Helm Hollow,Online:Broken Helm Hollow,Ebonheart Pact,The Rift
Faldar's Tooth,Online:Faldar's Tooth,Ebonheart Pact,The Rift
Fort Greenwall,Online:Fort Greenwall,Ebonheart Pact,The Rift
Shroud Hearth Barrow,Online:Shroud Hearth Barrow,Ebonheart Pact,The Rift
Snapleg Cave,Online:Snapleg Cave,Ebonheart Pact,The Rift
Atanaz Ruins,Online:Atanaz Ruins,Ebonheart Pact,Shadowfen
Broken Tusk,Online:Broken Tusk,Ebonheart Pact,Shadowfen
Chid-Moska Ruins,Online:Chid-Moska Ruins,Ebonheart Pact,Shadowfen
Gandranen Ruins,Online:Gandranen Ruins,Ebonheart Pact,Shadowfen
Onkobra Kwama Mine,Online:Onkobra Kwama Mine,Ebonheart Pact,Shadowfen
Shrine of the Black Maw,Online:Shrine of the Black Maw,Ebonheart Pact,Shadowfen
Emberflint Mine,Online:Emberflint Mine,Ebonheart Pact,Stonefalls
Hightide Hollow,Online:Hightide Hollow,Ebonheart Pact,Stonefalls
Inner Sea Armature,Online:Inner Sea Armature,Ebonheart Pact,Stonefalls
Mephala's Nest,Online:Mephala's Nest,Ebonheart Pact,Stonefalls
Sheogorath's Tongue,Online:Sheogorath's Tongue,Ebonheart Pact,Stonefalls
Softloam Cavern,Online:Softloam Cavern,Ebonheart Pact,Stonefalls
